{"sectionStyle":0,"sectionColor":{"r":0.9558823704719544,"g":0.9558823704719544,"b":0.9558823704719544,"a":0.640999972820282},"disableUpdates":false}