{"sectionStyle":0,"sectionColor":{"r":0.7058823108673096,"g":0.9391480088233948,"b":1.0,"a":0.640999972820282},"disableUpdates":false}